\\10.114.4.91\hd-002,\\arcgis-12d4.corp.eletrobras\arcgis-img\storage\hd-002
\\10.114.4.91\hd-003,\\arcgis-12d4.corp.eletrobras\arcgis-img\storage\hd-003
\\10.114.4.91\hd-007,\\arcgis-12d4.corp.eletrobras\arcgis-img\storage\hd-007
\\10.114.4.91\hd-010,\\arcgis-12d4.corp.eletrobras\arcgis-img\storage\hd-010
\\10.114.4.91\hd-016,\\arcgis-12d4.corp.eletrobras\arcgis-img\storage\hd-016
\\10.114.4.91\hd-019,\\arcgis-12d4.corp.eletrobras\arcgis-img\storage\hd-019
\\10.114.4.91\hd-021,\\arcgis-12d4.corp.eletrobras\arcgis-img\storage\hd-021
\\10.114.4.91\hd-022,\\arcgis-12d4.corp.eletrobras\arcgis-img\storage\hd-022
\\10.114.4.91\hd-023,\\arcgis-12d4.corp.eletrobras\arcgis-img\storage\hd-023
\\10.114.4.91\hd-024,\\arcgis-12d4.corp.eletrobras\arcgis-img\storage\hd-024
\\10.114.4.91\hd-025,\\arcgis-12d4.corp.eletrobras\arcgis-img\storage\hd-025
\\10.114.4.91\hd-026,\\arcgis-12d4.corp.eletrobras\arcgis-img\storage\hd-026
\\10.114.4.91\hd-027,\\arcgis-12d4.corp.eletrobras\arcgis-img\storage\hd-027
\\10.114.4.91\hd-028,\\arcgis-12d4.corp.eletrobras\arcgis-img\storage\hd-028
\\10.114.4.91\hd-029,\\arcgis-12d4.corp.eletrobras\arcgis-img\storage\hd-029
\\10.114.4.91\hd-030,\\arcgis-12d4.corp.eletrobras\arcgis-img\storage\hd-030
\\10.114.4.91\hd-031,\\arcgis-12d4.corp.eletrobras\arcgis-img\storage\hd-031
\\10.114.4.91\hd-032,\\arcgis-12d4.corp.eletrobras\arcgis-img\storage\hd-032
